,time,img,imgname,store,times,link
0,7,NONE,NONE,NONE,NONE,NONE
1,8,https://www.krispykreme.co.kr/_upload/store/Y2014/0905/201495105623_37827.jpg,-,수원인계점,"15:00 ~ 17:00
08:00 ~ 10:00
영업시간 월~일 09:00~ 23:00",javascript:goPage(102);
2,9,https://www.krispykreme.co.kr/_upload/store/Y2013/0809/20151019153911_17006.jpg,영등포점 매장 내부 사진,영등포점,"09:00 ~ 10:00
영업시간 월~일 08:00 ~ 22:00",javascript:goPage(6);
3,9,https://www.krispykreme.co.kr/_upload/store/Y2013/0809/201389174915_31304.png,대치점 매장 정면 사진,대치점,"14:00 ~ 16:00
09:00 ~ 11:00
영업시간 월~일 08:00 ~ 22:00",javascript:goPage(9);
4,9,https://www.krispykreme.co.kr/_upload/store/Y2013/0809/2015921143958_36022.jpg,대전둔산점 매장 정면 사진,대전둔산점,"17:00 ~ 19:00
09:00 ~ 11:00
영업시간 월~일 06:00~ 24:00",javascript:goPage(19);
5,9,https://www.krispykreme.co.kr/_upload/store/Y2013/0809/201389165622_23426.png,건대스타시티점 매장 안 내부 측면 사진,건대스타시티점,"17:00 ~ 19:00
09:00 ~ 11:00
영업시간 월~일 09:00 ~ 23:00",javascript:goPage(20);
6,9,https://www.krispykreme.co.kr/_upload/store/Y2013/0809/201389161346_29722.png,울산삼산점 매장 카운터 측면 사진,울산삼산점,"09:00 ~ 11:00
영업시간 월~일 09:00 ~ 22:00",javascript:goPage(29);
7,9,https://www.krispykreme.co.kr/_upload/store/Y2014/0905/201495105623_37827.jpg,-,수원인계점,"15:00 ~ 17:00
08:00 ~ 10:00
영업시간 월~일 09:00~ 23:00",javascript:goPage(102);
8,9,https://www.krispykreme.co.kr/_upload/store/Y2015/0609/201569155319_3761.jpg,원주무실점 매장사진,원주무실점,"18:00 ~ 20:00
09:00 ~ 10:00
영업시간 월~일 10:00 ~ 21:00",javascript:goPage(128);
9,10,https://www.krispykreme.co.kr/_upload/store/Y2013/0809/20151019153911_17006.jpg,영등포점 매장 내부 사진,영등포점,"09:00 ~ 10:00
영업시간 월~일 08:00 ~ 22:00",javascript:goPage(6);
10,10,https://www.krispykreme.co.kr/_upload/store/Y2013/0809/201389174915_31304.png,대치점 매장 정면 사진,대치점,"14:00 ~ 16:00
09:00 ~ 11:00
영업시간 월~일 08:00 ~ 22:00",javascript:goPage(9);
11,10,https://www.krispykreme.co.kr/_upload/store/Y2013/0809/2015921143958_36022.jpg,대전둔산점 매장 정면 사진,대전둔산점,"17:00 ~ 19:00
09:00 ~ 11:00
영업시간 월~일 06:00~ 24:00",javascript:goPage(19);
12,10,https://www.krispykreme.co.kr/_upload/store/Y2013/0809/201389165622_23426.png,건대스타시티점 매장 안 내부 측면 사진,건대스타시티점,"17:00 ~ 19:00
09:00 ~ 11:00
영업시간 월~일 09:00 ~ 23:00",javascript:goPage(20);
13,10,https://www.krispykreme.co.kr/_upload/store/Y2013/0809/201389161346_29722.png,울산삼산점 매장 카운터 측면 사진,울산삼산점,"09:00 ~ 11:00
영업시간 월~일 09:00 ~ 22:00",javascript:goPage(29);
14,10,https://www.krispykreme.co.kr/_upload/store/Y2014/0905/201495105623_37827.jpg,-,수원인계점,"15:00 ~ 17:00
08:00 ~ 10:00
영업시간 월~일 09:00~ 23:00",javascript:goPage(102);
15,10,https://www.krispykreme.co.kr/_upload/store/Y2015/0609/201569155319_3761.jpg,원주무실점 매장사진,원주무실점,"18:00 ~ 20:00
09:00 ~ 10:00
영업시간 월~일 10:00 ~ 21:00",javascript:goPage(128);
16,11,https://www.krispykreme.co.kr/_upload/store/Y2013/0809/201389174915_31304.png,대치점 매장 정면 사진,대치점,"14:00 ~ 16:00
09:00 ~ 11:00
영업시간 월~일 08:00 ~ 22:00",javascript:goPage(9);
17,11,https://www.krispykreme.co.kr/_upload/store/Y2013/0809/2015921143958_36022.jpg,대전둔산점 매장 정면 사진,대전둔산점,"17:00 ~ 19:00
09:00 ~ 11:00
영업시간 월~일 06:00~ 24:00",javascript:goPage(19);
18,11,https://www.krispykreme.co.kr/_upload/store/Y2013/0809/201389165622_23426.png,건대스타시티점 매장 안 내부 측면 사진,건대스타시티점,"17:00 ~ 19:00
09:00 ~ 11:00
영업시간 월~일 09:00 ~ 23:00",javascript:goPage(20);
19,11,https://www.krispykreme.co.kr/_upload/store/Y2013/0809/201389161346_29722.png,울산삼산점 매장 카운터 측면 사진,울산삼산점,"09:00 ~ 11:00
영업시간 월~일 09:00 ~ 22:00",javascript:goPage(29);
20,11,https://www.krispykreme.co.kr/_upload/store/Y2013/0809/201741018277_16109.png,-,롯데김해아울렛점,"11:00 ~ 12:00
영업시간 월~일 11:00~21:00",javascript:goPage(37);
21,11,https://www.krispykreme.co.kr/_upload/store/Y2020/0514/2020630112850_10087.jpg,김해봉황점,김해봉황점,"11:00 ~ 13:00
영업시간 월~일 08:00 ~ CLOSED. 23:00",javascript:goPage(1213);
22,12,https://www.krispykreme.co.kr/_upload/store/Y2013/0809/201741018277_16109.png,-,롯데김해아울렛점,"11:00 ~ 12:00
영업시간 월~일 11:00~21:00",javascript:goPage(37);
23,12,https://www.krispykreme.co.kr/_upload/store/Y2020/0514/2020630112850_10087.jpg,김해봉황점,김해봉황점,"11:00 ~ 13:00
영업시간 월~일 08:00 ~ CLOSED. 23:00",javascript:goPage(1213);
24,13,https://www.krispykreme.co.kr/_upload/store/Y2020/0514/2020630112850_10087.jpg,김해봉황점,김해봉황점,"11:00 ~ 13:00
영업시간 월~일 08:00 ~ CLOSED. 23:00",javascript:goPage(1213);
25,14,https://www.krispykreme.co.kr/_upload/store/Y2013/0809/201389174915_31304.png,대치점 매장 정면 사진,대치점,"14:00 ~ 16:00
09:00 ~ 11:00
영업시간 월~일 08:00 ~ 22:00",javascript:goPage(9);
26,15,https://www.krispykreme.co.kr/_upload/store/Y2013/0809/201389174915_31304.png,대치점 매장 정면 사진,대치점,"14:00 ~ 16:00
09:00 ~ 11:00
영업시간 월~일 08:00 ~ 22:00",javascript:goPage(9);
27,15,https://www.krispykreme.co.kr/_upload/store/Y2014/0905/201495105623_37827.jpg,-,수원인계점,"15:00 ~ 17:00
08:00 ~ 10:00
영업시간 월~일 09:00~ 23:00",javascript:goPage(102);
28,16,https://www.krispykreme.co.kr/_upload/store/Y2013/0809/201389174915_31304.png,대치점 매장 정면 사진,대치점,"14:00 ~ 16:00
09:00 ~ 11:00
영업시간 월~일 08:00 ~ 22:00",javascript:goPage(9);
29,16,https://www.krispykreme.co.kr/_upload/store/Y2014/0905/201495105623_37827.jpg,-,수원인계점,"15:00 ~ 17:00
08:00 ~ 10:00
영업시간 월~일 09:00~ 23:00",javascript:goPage(102);
30,17,https://www.krispykreme.co.kr/_upload/store/Y2013/0809/2015921143958_36022.jpg,대전둔산점 매장 정면 사진,대전둔산점,"17:00 ~ 19:00
09:00 ~ 11:00
영업시간 월~일 06:00~ 24:00",javascript:goPage(19);
31,17,https://www.krispykreme.co.kr/_upload/store/Y2013/0809/201389165622_23426.png,건대스타시티점 매장 안 내부 측면 사진,건대스타시티점,"17:00 ~ 19:00
09:00 ~ 11:00
영업시간 월~일 09:00 ~ 23:00",javascript:goPage(20);
32,17,https://www.krispykreme.co.kr/_upload/store/Y2014/0905/201495105623_37827.jpg,-,수원인계점,"15:00 ~ 17:00
08:00 ~ 10:00
영업시간 월~일 09:00~ 23:00",javascript:goPage(102);
33,18,https://www.krispykreme.co.kr/_upload/store/Y2013/0809/2015921143958_36022.jpg,대전둔산점 매장 정면 사진,대전둔산점,"17:00 ~ 19:00
09:00 ~ 11:00
영업시간 월~일 06:00~ 24:00",javascript:goPage(19);
34,18,https://www.krispykreme.co.kr/_upload/store/Y2013/0809/201389165622_23426.png,건대스타시티점 매장 안 내부 측면 사진,건대스타시티점,"17:00 ~ 19:00
09:00 ~ 11:00
영업시간 월~일 09:00 ~ 23:00",javascript:goPage(20);
35,18,https://www.krispykreme.co.kr/_upload/store/Y2015/0609/201569155319_3761.jpg,원주무실점 매장사진,원주무실점,"18:00 ~ 20:00
09:00 ~ 10:00
영업시간 월~일 10:00 ~ 21:00",javascript:goPage(128);
36,19,https://www.krispykreme.co.kr/_upload/store/Y2013/0809/2015921143958_36022.jpg,대전둔산점 매장 정면 사진,대전둔산점,"17:00 ~ 19:00
09:00 ~ 11:00
영업시간 월~일 06:00~ 24:00",javascript:goPage(19);
37,19,https://www.krispykreme.co.kr/_upload/store/Y2013/0809/201389165622_23426.png,건대스타시티점 매장 안 내부 측면 사진,건대스타시티점,"17:00 ~ 19:00
09:00 ~ 11:00
영업시간 월~일 09:00 ~ 23:00",javascript:goPage(20);
38,19,https://www.krispykreme.co.kr/_upload/store/Y2015/0609/201569155319_3761.jpg,원주무실점 매장사진,원주무실점,"18:00 ~ 20:00
09:00 ~ 10:00
영업시간 월~일 10:00 ~ 21:00",javascript:goPage(128);
39,20,https://www.krispykreme.co.kr/_upload/store/Y2015/0609/201569155319_3761.jpg,원주무실점 매장사진,원주무실점,"18:00 ~ 20:00
09:00 ~ 10:00
영업시간 월~일 10:00 ~ 21:00",javascript:goPage(128);
40,21,NONE,NONE,NONE,NONE,NONE
41,22,NONE,NONE,NONE,NONE,NONE
42,23,NONE,NONE,NONE,NONE,NONE
43,24,NONE,NONE,NONE,NONE,NONE
